index,szum
0,0.18046043844206236
1,0.26665175670382424
2,0.3985648699685721
3,0.251118576390737
4,0.29146259933397073
5,0.34976114760399596
6,0.22104413995341635
7,0.1666433803853769
8,0.3077756854194854
9,0.20600821334853703
10,0.26722395587201575
11,0.3488448673184392
12,0.26972429773298645
13,0.1912162656249325
14,0.29898415269694634
15,0.29100859189248385
16,0.40778104351365374
17,0.21885156405153244
18,0.264217437917773
19,0.11363483719295553
20,0.3059079446298452
21,0.3384315747167614
22,0.3241999821436283
23,0.30591071892434285
24,0.18615460425742802
25,0.33691711808399877
26,0.26393026379764023
27,0.2953327057071086
28,0.3085910888512939
29,0.14371001212921108
30,0.41299486421541853
31,0.1617896624538689
32,0.3071276485495633
33,0.12106782714808981
34,0.30759380559289173
35,0.061358343162722435
36,0.2096279753408746
37,0.11455282155512736
38,0.21637408079731235
39,0.15707441850289428
40,0.23620177531137582
41,0.32053471389916843
42,0.1943876700711739
43,0.3221545619567946
44,0.35184604027818606
45,0.5073530613682964
46,0.4856242756412462
47,0.35471864957520105
48,0.1913580655730477
49,0.25285704317772095
50,0.24188356737351474
51,0.29410364497577296
52,0.27147555198669204
53,0.20665198720352687
54,0.22861113956303838
55,0.398726749542428
56,0.28325056299913276
57,0.3057624593281172
58,0.060451593320689376
59,0.30595864725189
60,0.25845685532787616
61,0.2835799033614045
62,0.30826286147289084
63,0.427534528549099
64,0.3634530074808114
65,0.33728734215658435
66,0.2853557048126737
67,0.3663578099711362
68,0.3273066599025753
69,0.282684775758669
70,0.42528728392332693
71,0.2959905029351751
72,0.1884264571948381
73,0.3683909937321562
74,0.28089894214005845
75,0.23800963368456102
76,0.3882268146073953
77,0.17174026242119705
78,0.41057200109864594
79,0.37253567932767967
80,0.20978276073468982
81,0.30263030571484445
82,0.15844635597695894
83,0.3371758880738718
84,0.25154237062539975
85,0.27889881824080115
86,0.35470444416078073
87,0.3221719167967342
88,0.3775608084351782
89,0.3156836443671478
90,0.33647867785786895
91,0.32561350216659807
92,0.15618212958691047
93,0.34799138601800045
94,0.24259320337429027
95,0.3290636624436284
96,0.11491957321919156
97,0.31699392040342345
98,0.18139338359819515
99,0.28488056022497715
100,0.3072765308302101
101,0.27774446537059383
102,0.25641581878625924
103,0.2710079542607806
104,0.1726340068971759
105,0.13867991999453863
106,0.2492627388709913
107,0.13776073129662147
108,0.08767101048159555
109,0.38072613379004683
110,0.31700265567828484
111,0.3394198917536948
112,0.2144118904507719
113,0.22831994018850538
114,0.2309602545732315
115,0.32646335324546333
116,0.41944727956677536
117,0.24767782030593133
118,0.14870886411590137
119,0.4053029845453406
120,0.38113606299238134
121,0.3427845848353212
122,0.27818102926387683
123,0.17332477360750684
124,0.22810359008688566
125,0.2620150322932222
126,0.07114072425478474
127,0.06449563871103478
128,0.19332249260318493
129,0.4130597580946649
130,0.16864291801321582
131,0.12738150986059762
132,0.3869732631810613
133,0.0568723905932979
134,0.13087273404106992
135,0.2850752062542039
136,0.23951920455259226
137,0.18279827966534018
138,0.2611359081866595
139,0.23554805535761572
140,0.0
141,0.36415371306382316
142,0.14857054141188852
143,0.3167267371165091
144,0.26717403387182476
145,0.3183880065990095
146,0.22946470634030255
147,0.24134162561645162
148,0.3198144582669317
149,0.22671464794457258
150,0.24065046402224513
151,0.18523694292087467
152,0.28217769913427165
153,0.39151149235607635
154,0.09340752088735549
155,0.23957235404057553
156,0.30912054988039067
157,0.27137369599691846
158,0.16671189875862222
159,0.08786436852911707
160,0.19189352089333567
161,0.4649339978232298
162,0.22270255248107326
163,0.4580272943039227
164,0.21526716578138694
165,0.20287166827412212
166,0.23889125825953975
167,0.16897416328396142
168,0.2785667691798931
169,0.27958965162824234
170,0.2740338434169008
171,0.5020803831879767
172,0.266262324457675
173,0.2530227395174857
174,0.3921504547476261
175,0.3257192106364471
176,0.207082616773295
177,0.1540626123175649
178,0.22234430294856497
179,0.24101754874742787
180,0.2444830131109582
181,0.4387240954017403
182,0.3824517887004538
183,0.18419701282088272
184,0.12080756503540173
185,0.17149243243467202
186,0.228876956388296
187,0.4282653837706419
188,0.3504002742855499
189,0.28320998656654917
190,0.2401268908890791
191,0.2617742136280224
192,0.2635734310555287
193,0.27924022713668095
194,0.2880883676310851
195,0.3601927940000588
196,0.21913334293461584
197,0.3753417484657259
198,0.31937275416579103
199,0.25735385216967027
200,0.34984690652431943
201,0.417944277570828
202,0.1353341417313103
203,0.418687397953372
204,0.4320658889842663
205,0.2637409475333721
206,0.31213652673059655
207,0.22773024179480647
208,0.15296773722138698
209,0.2754871644769182
210,0.38714903871330153
211,0.2339507831965104
212,0.3000064580605008
213,0.2835327987409432
214,0.3265868096723341
215,0.35619468052538283
216,0.3426187823422531
217,0.2958464524351775
218,0.3425998936686132
219,0.2416052500350897
220,0.35977582020634197
221,0.30966099878684544
222,0.2534814461522428
223,0.2296698142002367
224,0.13412618059571413
225,0.17848383872188145
226,0.37033036805957037
227,0.1654800963131055
228,0.2632544216256966
229,0.29119293055577455
230,0.25803997698650916
231,0.2901540663135611
232,0.21653354737192304
233,0.10731040205913224
234,0.27703452241874893
235,0.262125796471767
236,0.2673273831126677
237,0.21058262996922097
238,0.29553945504612555
239,0.32531817294759463
240,0.3477446806247964
241,0.42470261557260436
242,0.24857277299517358
243,0.3576317226560905
244,0.3438053456105226
245,0.3109491339048453
246,0.22226957921769805
247,0.45323963849629867
248,0.44309987172818843
249,0.20225120674693944
250,0.2554783625639952
251,0.37384765100867673
252,0.36248667982860805
253,0.3269673559740991
254,0.3259740877377467
255,0.08006543129838377
256,0.3534262498883763
257,0.20378477979550721
258,0.2170721824377155
259,0.22872785672115614
260,0.33436836660443503
261,0.47482496980768396
262,0.20035026989977378
263,0.4415849318412789
264,0.41042480338415926
265,0.3570706793452314
266,0.20565009845029505
267,0.2347421181640472
268,0.2974895497670943
269,0.2972325066527725
270,0.315188544051918
271,0.39401112230874447
272,0.3892402453261108
273,0.16429500285338858
274,0.21808034937045365
275,0.11207396028596385
276,0.1502037372813888
277,0.1908705494094371
278,0.38251331372458824
279,0.12132474253770856
280,0.2748350243583459
281,0.25093374637197874
282,0.2590245805112682
283,0.24521648164131774
284,0.2855021666447262
285,0.358567385694623
286,0.1588702648152814
287,0.34587237851059655
288,0.3485841930914183
289,0.19820873512915987
290,0.20802449747773952
291,0.3764168122994881
292,0.270048046230793
293,0.2392716626427324
294,0.27955678523080496
295,0.20256436738916278
296,0.18840240993866322
297,0.08967308595692593
298,0.21952420447055354
299,0.10492106448047339
300,0.29887230148377536
301,0.3210187981224707
302,0.22171946390512234
303,0.2274200645744156
304,0.10105782136987884
305,0.33640843385193553
306,0.16178674479554547
307,0.19161763337001944
308,0.22467533786695215
309,0.3027615596794085
310,0.32620392145949656
311,0.30769098078900103
312,0.2375890798436635
313,0.1438334771470724
314,0.3224992144419649
315,0.21412025643718308
316,0.2697798104367805
317,0.2536317685500519
318,0.2160074328373069
319,0.2392838887672942
320,0.1658961945358296
321,0.2890053875980457
322,0.22391822388766328
323,0.24045669240603526
324,0.184449057084604
325,0.22290674358255727
326,0.3185769532303645
327,0.19141857357819367
328,0.3473748021334973
329,0.2847291292447513
330,0.34169919263562853
331,0.080571698840994
332,0.22684089452823478
333,0.14711146883317777
334,0.45725241193005955
335,0.2657654160030677
336,0.37432511807096636
337,0.222362173085531
338,0.1858082588990514
339,0.1805010090944123
340,0.32200303640995454
341,0.3400555667685121
342,0.2743362630796848
343,0.26432998907297867
344,0.2885438946840042
345,0.41993192935361184
346,0.3167600392567391
347,0.21408128528249923
348,0.1206850893087998
349,0.35736991309336424
350,0.34183328916157624
351,0.01679995103385198
352,0.23499902282575663
353,0.2123961700459878
354,0.23818427497646838
355,0.1429786315865133
356,0.2547744714915413
357,0.21649080667425888
358,0.34548015436756446
359,0.13118767052069571
360,0.3159002508699014
361,0.3475174915200025
362,0.3807975600040298
363,0.44271141157683663
364,0.21464230117543323
365,0.24899271804420517
366,0.2862490476446532
367,0.16862969184699914
368,0.09042394222476592
369,0.2415955303767385
370,0.39572209135494113
371,0.36007706159913394
372,0.22357204889363258
373,0.39750184366354746
374,0.2359875919205099
375,0.20178725794189248
376,0.11007483901117687
377,0.17852439968472789
378,0.3584985398829965
379,0.3376388471192263
380,0.2710924458497448
381,0.292858041586292
382,0.35266452652138836
383,0.31357789161672295
384,0.30447918798041707
385,0.37894019948048707
386,0.4145408853547373
387,0.18604541097513597
388,0.21856620861235104
389,0.2866100757363324
390,0.10298202024151096
391,0.26065027321686285
392,0.48164595755048345
393,0.14730962320573454
394,0.4270950374488846
395,0.2406378628357703
396,0.2516069765035068
397,0.1443043417672989
398,0.23908316352009923
399,0.22521532978783215
400,0.37172975245599615
401,0.2617193733433054
402,0.41808409938307195
403,0.41308150517062797
404,0.23328163980891853
405,0.17078669206335909
406,0.31577149382156483
407,0.36140649623783794
408,0.2544945536614713
409,0.28158384290126043
410,0.2652570356356211
411,0.038358708818935106
412,0.40072205504774877
413,0.2851948780017468
414,0.36621160300022076
415,0.24163671711257703
416,0.376827891223206
417,0.26486061335576483
418,0.08512665817556382
419,0.31725671944531875
420,0.19986273072307437
421,0.346312178600857
422,0.10054080465429072
423,0.29729045580621777
424,0.25553865611065607
425,0.14627564578012253
426,0.22937076313643145
427,0.35998610670994735
428,0.3915258213792927
429,0.16212613108295784
430,0.3145905517831965
431,0.30648509438139515
432,0.09440747725922966
433,0.4120359957454361
434,0.40037280378262563
435,0.3570289356150821
436,0.29425346246488143
437,0.2317902089668956
438,0.1579662289197462
439,0.25758631687691763
440,0.23733649336902699
441,0.26156169861394096
442,0.2523502340146454
443,0.2232615391519591
444,0.4060673528542957
445,0.27710647185173864
446,0.2059941910602299
447,0.14523825147703032
448,0.21700662873703128
449,0.2432695448044048
450,0.42602199042536976
451,0.41912969817323964
452,0.1043919537748874
453,0.28345364131115075
454,0.1765866465798972
455,0.00910873487881916
456,0.2339230387581841
457,0.4108670637486656
458,0.41269079280536025
459,0.14678594794033697
460,0.12212461340603152
461,0.2401340627048136
462,0.25364574071817125
463,0.3247850044911223
464,0.2154590241128249
465,0.28183855895330706
466,0.2038865781328126
467,0.3568308027606588
468,0.24178833152681503
469,0.2970560503237821
470,0.27035753691466896
471,0.3176081098414909
472,0.22849798220318415
473,0.2668878095389111
474,0.11967331226579658
475,0.18665275887725877
476,0.30779901879057414
477,0.23706866162605408
478,0.32374044199374435
479,0.3812646186764624
480,0.28547148513074855
481,0.4035529004474631
482,0.1581841448257352
483,0.42953461155274536
484,0.39138318813690826
485,0.2656324496216137
486,0.35682906441908513
487,0.1361167154984273
488,0.3698252029454312
489,0.3095501160973742
490,0.29432169520457513
491,0.3362347990297586
492,0.26280390317905195
493,0.2812756595666769
494,0.2690190091509283
495,0.2552097143726197
496,0.13818636445913496
497,0.157329560861424
498,0.24999400497837612
499,0.15572080366104574
500,0.4961579798790997
501,0.2819999682232805
502,0.44203093800394283
503,0.31823651808173836
504,0.2901595909669116
505,0.40991439620851283
506,0.4241185629049392
507,0.38174026323268606
508,0.3627139829683978
509,0.1713223360892182
510,0.2071226459979354
511,0.3655501511535154
512,0.2280443868373297
513,0.29262794961942806
514,0.14486920381271334
515,0.3658603686523988
516,0.36936964326567595
517,0.1584514157722612
518,0.31430375316158243
519,0.0761485997021596
520,0.38214275788632074
521,0.22306907451939814
522,0.24679616356751177
523,0.3156283444649165
524,0.19024019711498635
525,0.25803749930555187
526,0.3318065242582736
527,0.38879412681154435
528,0.23847660306065857
529,0.39548143259661633
530,0.2189816922720643
531,0.3284478837373
532,0.2860869977477516
533,0.32559924512187494
534,0.2528543087982476
535,0.30526191500011146
536,0.28042861072627073
537,0.12960077262507289
538,0.22892854832914047
539,0.1433040050871053
540,0.2472092356805372
541,0.22086043165805083
542,0.18267020122495053
543,0.41631831519940593
544,0.34186931000828846
545,0.29534152896414734
546,0.30809513898596375
547,0.19824417265815533
548,0.3322548090763594
549,0.3609318115292178
550,0.2766130967689214
551,0.22594197295238488
552,0.2543110937440924
553,0.34564013689057854
554,0.341047234170759
555,0.30206572266780435
556,0.40255381623845815
557,0.30468034822443635
558,0.24833437519167087
559,0.3505859651004268
560,0.19653917891362566
561,0.22773439379772015
562,0.1651939589648401
563,0.17328200387751938
564,0.24754868080556022
565,0.3934284187567135
566,0.21429220204555582
567,0.21343059383191923
568,0.4274077077653426
569,0.12278400275300944
570,0.3702849319736991
571,0.3161271695230191
572,0.2164644268881034
573,0.34648016618734173
574,0.2586489673348954
575,0.2927419916922252
576,0.22105571597571788
577,0.3817875391887316
578,0.3518346684878008
579,0.23463670961726055
580,0.3441341621291885
581,0.2710359616406131
582,0.2343724488486271
583,0.15092739865771862
584,0.2285223915606448
585,0.12031721635106615
586,0.3133628164271994
587,0.28938312659267906
588,0.4354553415323536
589,0.5203779824927256
590,0.17618197504582386
591,0.2241052928156937
592,0.2442899003334017
593,0.12975546700745166
594,0.22619252057455322
595,0.30899903962168557
596,0.3946766299674846
597,0.38008717596851566
598,0.20235876083326046
599,0.2098250161031179
600,0.24753321967315284
601,0.12884448447749003
602,0.1995798343127732
603,0.2570833694983597
604,0.3465891466425283
605,0.29979396076746956
606,0.12432944560931208
607,0.15117295387272017
608,0.3337161498137545
609,0.42277640757750024
610,0.26136456191981144
611,0.2157568114758382
612,0.22702545702069005
613,0.40297038285445125
614,0.21815817355450484
615,0.24619045279360355
616,0.34067556739071414
617,0.3535323210924868
618,0.2452841357014067
619,0.32191497528558155
620,0.3536389122284685
621,0.331602206514786
622,0.19267282968610458
623,0.2980018861217312
624,0.3395707931491518
625,0.346766351741286
626,0.39922273207099046
627,0.21527783323933233
628,0.30622806372521116
629,0.2974831854223669
630,0.3551061694910256
631,0.20493151279496216
632,0.27518273840723023
633,0.38042870338757173
634,0.3151998186518504
635,0.2932287219211588
636,0.14945636959496342
637,0.11648949706114238
638,0.43722345476412666
639,0.45401300515684695
640,0.14151864461510888
641,0.2558713472144043
642,0.15755865542760975
643,0.2577930106385419
644,0.26925565807140117
645,0.13313995054576544
646,0.26222682041789847
647,0.3178252123715294
648,0.08557818416241182
649,0.1596249485444897
650,0.259710448448567
651,0.2865056025987916
652,0.19599640026131837
653,0.15313877517415891
654,0.36811620277832463
655,0.1094677191069121
656,0.4246875135744387
657,0.3232848884852256
658,0.149658507249633
659,0.15753887795245664
660,0.2566918071272965
661,0.2282012174567258
662,0.04089517732976598
663,0.32032186812119945
664,0.4003996204392901
665,0.18971430125948652
666,0.3085628473230972
667,0.20749078151194353
668,0.26986070008458346
669,0.17001418178424507
670,0.2765770089358687
671,0.3404893644629823
672,0.3460873935034698
673,0.22252576148717618
674,0.28476247672203137
675,0.38502845681565523
676,0.2757769171150534
677,0.2380828227943889
678,0.219667176315068
679,0.2755931387200093
680,0.35217051075912315
681,0.21185791929046324
682,0.30114166100994344
683,0.21136506848801837
684,0.26105353899725187
685,0.19872987782229676
686,0.2736708769412501
687,0.02448964419604765
688,0.31625123937626026
689,0.32462647477774903
690,0.20460447494877312
691,0.3644056548060004
692,0.2132500561695476
693,0.31112550488586344
694,0.34431116918637306
695,0.3310400418865112
696,0.4143985128785379
697,0.25742354221633235
698,0.10779509173502921
699,0.34249095357109244
700,0.23657736120563141
701,0.3383106689975331
702,0.27471585197934206
703,0.2189810754713825
704,0.2797423631556091
705,0.3069841919104349
706,0.1831712866482993
707,0.25080244987188993
708,0.32320381163240114
709,0.2851573774406829
710,0.33351537066880427
711,0.48736291035951684
712,0.2783102159622812
713,0.1745403416392761
714,0.2051779424605525
715,0.26573160224966547
716,0.22038566345702798
717,0.36422166520550503
718,0.24022313361112294
719,0.3380729982290412
720,0.3443950495434876
721,0.46540919342344506
722,0.1496561321501079
723,0.17828192272347532
724,0.2822185284276446
725,0.16713590515243568
726,0.3616725330746299
727,0.30927820921842214
728,0.13144062173912568
729,0.07275536330742971
730,0.337787138853734
731,0.06921133871580899
732,0.16904795765066774
733,0.3415299406418875
734,0.1631693088313885
735,0.1797087052868197
736,0.23598756531543774
737,0.3313450683705389
738,0.2246461410084557
739,0.26764875634580176
740,0.007768274248875852
741,0.05810598922797708
742,0.1275583503436479
743,0.20754876517754062
744,0.36550147543243855
745,0.2395484745061734
746,0.5106156176590927
747,0.3003310070164961
748,0.34576632620166803
749,0.26533643744440405
750,0.20935694015127637
751,0.12196990310913643
752,0.10973489693716743
753,0.10505908099039944
754,0.3108410311167714
755,0.3658269340372531
756,0.46607126990197395
757,0.24309079960260785
758,0.30705986500057736
759,0.24892038678527145
760,0.28212498494894417
761,0.20644566155377303
762,0.15244962136319934
763,0.1587858638183128
764,0.33999426992343795
765,0.3006433871742188
766,0.25904644314466946
767,0.3623839545693018
768,0.3322987524949271
769,0.2211331019778388
770,0.3200216879335829
771,0.2568937953465336
772,0.12962477254970006
773,0.2857434869844328
774,0.13412434585738015
775,0.266216505463809
776,0.2285606687969927
777,0.22755083841286092
778,0.2868870946612319
779,0.1755953576087939
780,0.23653153044848801
781,0.23480589606401236
782,0.33883538711650585
783,0.3755825634800553
784,0.11951176218843497
785,0.2729844447546589
786,0.29812862444778176
787,0.270571767525765
788,0.3854640341658594
789,0.35801974780159834
790,0.21387218093994145
791,0.327054957187007
792,0.23381751383113375
793,0.41231257321391
794,0.3209679099672764
795,0.33816248662636644
796,0.20181913100860685
797,0.26414437004336777
798,0.22103253675437268
799,0.20333912182129787
800,0.20305465195537648
801,0.318474171477269
802,0.20752510349531245
803,0.2902165232472757
804,0.24975330703037893
805,0.34897552662128967
806,0.33646403039942296
807,0.22358768463800618
808,0.18716703270558
809,0.18432227793462339
810,0.34744175928741006
811,0.225708313481683
812,0.1131912683145195
813,0.23585536903178286
814,0.2597767794776344
815,0.23089280148348276
816,0.2889638040799097
817,0.4009212734919354
818,0.3509727075298847
819,0.27824224089803373
820,0.247562380706559
821,0.19255204410681093
822,0.3392119180338878
823,0.22068796183250838
824,0.18560185266239368
825,0.3657959669625745
826,0.31350490448988694
827,0.2527511004342201
828,0.24437433624366556
829,0.26390974030592085
830,0.26230992915429935
831,0.30043220406102106
832,0.34621006587448133
833,0.208806333865104
834,0.41780494666007534
835,0.26678789561167543
836,0.32361653600922424
837,0.28524246476819437
838,0.2575487815458978
839,0.15960538348570658
840,0.24024867736022296
841,0.26047217753980617
842,0.24373545812805045
843,0.157527503003209
844,0.3797015574329564
845,0.14207651930780607
846,0.1803768329480795
847,0.2313008368655058
848,0.3922023167419688
849,0.26194373307178287
850,0.24554115824337114
851,0.22253679133955412
852,0.01782016401447886
853,0.2726828600470005
854,0.1885267593229578
855,0.38704510551769894
856,0.18488634228976458
857,0.2801527657079707
858,0.26148469511375083
859,0.46186800258127
860,0.3530346814954781
861,0.13002452059959183
862,0.34473028658454996
863,0.2192172852291285
864,0.3249683986663573
865,0.3857301660784592
866,0.36828620115185473
867,0.35196244824044354
868,0.2303251348907258
869,0.3939540480492871
870,0.31258971762706134
871,0.29086120694877
872,0.2580029088365927
873,0.42753383789006594
874,0.29057469386879914
875,0.22492011999831343
876,0.13578701922770853
877,0.3331255222152204
878,0.2636854697997927
879,0.3435395315440867
880,0.2726670420181061
881,0.288485205085419
882,0.3814156067920641
883,0.32904655873935784
884,0.31136658910181747
885,0.22997267302559665
886,0.32430299889680914
887,0.34169290158607996
888,0.34563050846173354
889,0.3237007093522795
890,0.42589388585764254
891,0.21919180090873422
892,0.3311453542386866
893,0.19328385325106653
894,0.3137706049007263
895,0.22635528789865605
896,0.2805132863231675
897,0.12416425226986427
898,0.27717537956407146
899,0.2684618883187444
900,0.30722833577711567
901,0.17576014236148754
902,0.2780960385444252
903,0.2942029738020263
904,0.3112226942483628
905,0.3190316074947785
906,0.21617610114928823
907,0.2859597165950792
908,0.18777278136567385
909,0.4002779549436898
910,0.2914507397885932
911,0.21149308958773066
912,0.27324606682962177
913,0.25304723840988197
914,0.15886478692195513
915,0.34203488683033884
916,0.36828949160184143
917,0.4074832997501955
918,0.22154256692879196
919,0.18880652982503188
920,0.3632157069282531
921,0.2878379234165568
922,0.318801057296858
923,0.1682929073158787
924,0.32197233399950403
925,0.31170031044712554
926,0.34869147549139723
927,0.20725171483845792
928,0.30743533231003034
929,0.31940674523932044
930,0.2187707666463969
931,0.19567155573898068
932,0.08404174635183119
933,0.27916355994937064
934,0.2718623577363514
935,0.20529131570634127
936,0.2793916863557314
937,0.23396070595467386
938,0.3238457958126643
939,0.2968805329735772
940,0.2081000317428699
941,0.28258010541784545
942,0.19580999989890985
943,0.4579816323637375
944,0.2551030061946851
945,0.3117799329119399
946,0.15224158940204702
947,0.43565822343550037
948,0.2218281146289425
949,0.2747385030761389
950,0.1266769644323464
951,0.22687235450354468
952,0.14413517941733833
953,0.2717805772942367
954,0.22425861358395063
955,0.28164164365108174
956,0.4570299548667445
957,0.29296447979001683
958,0.3872732674521839
959,0.10557099603483888
960,0.21213993432212475
961,0.3252114248487758
962,0.23536753993001014
963,0.36570515729491976
964,0.2285930533189197
965,0.09681847528447446
966,0.16310001905557883
967,0.3754083357964489
968,0.55
969,0.3572694292099485
970,0.3013719358120215
971,0.2544831417303806
972,0.47047462108545746
973,0.3503630911844982
974,0.3296347667820013
975,0.2813659428521082
976,0.2360341872949305
977,0.39482082014742803
978,0.11685408984791296
979,0.23694551805266972
980,0.29301574652650103
981,0.30438681016822855
982,0.34401375267436285
983,0.36625686384043216
984,0.23155300141253599
985,0.24825716047021498
986,0.2534106639459727
987,0.32075307553008586
988,0.27884779457140896
989,0.2494640178439201
990,0.3776752180815201
991,0.18561631911711238
992,0.27041069697757963
993,0.37152726836153044
994,0.29243951044411015
995,0.2741101434705092
996,0.2681519819090315
997,0.17425255391096212
998,0.17294344167721162
999,0.21755186332029616
